Pablo,438344099, /hi
Pablo,438344099, /hi
Pablo,438344099, /sum 123 123
Pablo,438344099, /sum 123 123
Pablo,438344099, /sum 123 123
Pablo,438344099, /game
Pablo,438344099, /game
Pablo,438344099, /game
Pablo,438344099, /game
Pablo,438344099, /game
Pablo,438344099, /game
Pablo,438344099, /game
Pablo,438344099, /game
Pablo,438344099, /x 1
Pablo,438344099, /game
Pablo,438344099, /x 1
Pablo,438344099, /game
Pablo,438344099, /x 1
Pablo,438344099, /game
Pablo,438344099, /x 1
Pablo,438344099, /game
Pablo,438344099, /x 1
Pablo,438344099, /game
Pablo,438344099, /x 1
Pablo,438344099, /game
Pablo,438344099, /x 1
Pablo,438344099, /game
Pablo,438344099, /x 1
Pablo,438344099, /game
Pablo,438344099, /x 1
Pablo,438344099, /game
Pablo,438344099, /x 1
Pablo,438344099, /x
Pablo,438344099, /x 4
Pablo,438344099, /game
Pablo,438344099, /x 2
Pablo,438344099, /x 4
Pablo,438344099, /x 6
Pablo,438344099, /x 6
Pablo,438344099, /game
Pablo,438344099, /x 6
Pablo,438344099, /x 4
Pablo,438344099, /x 5
Pablo,438344099, /game
Pablo,438344099, /x 2
Pablo,438344099, /x 5
Pablo,438344099, /x 8
Pablo,438344099, /game
Pablo,438344099, /x 2
Pablo,438344099, /x 5
Pablo,438344099, /game
Pablo,438344099, /x 2
Pablo,438344099, /game
Pablo,438344099, /x 2
Pablo,438344099, /game
Pablo,438344099, /game
Pablo,438344099, /x 2
Pablo,438344099, /game
Pablo,438344099, /x 1
Pablo,438344099, /x 4
Pablo,438344099, /x 7
Kris,772262991, /game
Kris,772262991, /X 7
Kris,772262991, /X 1
Kris,772262991, /X 4
Pablo,438344099, /start
Pablo,438344099, /game
Pablo,438344099, /game
Pablo,438344099, /game
Pablo,438344099, /game
Pablo,438344099, /x 5
Pablo,438344099, /x 2
Pablo,438344099, /game
Pablo,438344099, /x 6
Pablo,438344099, /x 4
Pablo,438344099, /game
Pablo,438344099, /x 3
Pablo,438344099, /x 1
Pablo,438344099, /x 2
Pablo,438344099, /game
Pablo,438344099, /x 5
Pablo,438344099, /game
Pablo,438344099, /x 1
Pablo,438344099, /x 2
Pablo,438344099, /x 5
Pablo,438344099, /x 8
Pablo,438344099, /game
Pablo,438344099, /x 6
Pablo,438344099, /game
Pablo,438344099, /x 9
Pablo,438344099, /x 6
Pablo,438344099, /x 4
Pablo,438344099, /game
Pablo,438344099, /x 1
Pablo,438344099, /game
Pablo,438344099, /x 1
Kris,772262991, /game
Kris,772262991, /game
Pablo,438344099, /game
Pablo,438344099, /x 4
Pablo,438344099, /x 5
Pablo,438344099, /x 2
Kris,772262991, /X 6
Kris,772262991, /game
Kris,772262991, /X 6
Pablo,438344099, /game
Pablo,438344099, /x 5
Pablo,438344099, /x 2
Pablo,438344099, /game
Pablo,438344099, /x 3
Pablo,438344099, /x 6
Pablo,438344099, /game
Pablo,438344099, /x 1
Pablo,438344099, /game
Pablo,438344099, /x 1
Pablo,438344099, /game
Pablo,438344099, /x 1
Pablo,438344099, /game
Pablo,438344099, /x 2
Pablo,438344099, /game
Pablo,438344099, /x 1
Pablo,438344099, /game
Pablo,438344099, /x 1
Pablo,438344099, /game
Pablo,438344099, /x 1
Pablo,438344099, /x 4
Pablo,438344099, /x 7
Pablo,438344099, /hi
Kris,772262991, /game
Kris,772262991, /X 6
Kris,772262991, /game
Kris,772262991, /X 1
Kris,772262991, /game
Kris,772262991, /X 3
Kris,772262991, /game
Kris,772262991, /X 6
Kris,772262991, /X 5
Kris,772262991, /X 4
Kris,772262991, /game
Kris,772262991, /x 4
